marketing,Versatile tertiary secured line,38045,52.65
marketing,Grass-roots 24/7 encoding,88410,27.94
marketing,Customizable empowering intranet,96636,44.60
marketing,Team-oriented grid-enabled frame,90880,72.19
marketing,Business-focused scalable open system,97396,85.80
marketing,Extended contextually-based hierarchy,33335,37.23
marketing,Networked 3rdgeneration instruction set,47490,57.99
marketing,Customizable high-level contingency,54923,15.38
marketing,Self-enabling asymmetric flexibility,74686,68.46
marketing,Synergized value-added extranet,89676,89.58
marketing,Profound fault-tolerant alliance,94588,15.90
marketing,Re-engineered national neural-net,81693,67.97
marketing,Front-line needs-based concept,21592,32.53
marketing,Automated real-time methodology,60050,45.45
marketing,Total fault-tolerant Internet solution,73629,93.76
marketing,Business-focused leadingedge circuit,43427,32.02
marketing,Robust 24/7 policy,45290,31.31
marketing,Versatile well-modulated focus group,71965,71.42
marketing,Organic upward-trending functionalities,32466,22.23
marketing,Integrated demand-driven knowledgebase,19077,97.01
marketing,Switchable systemic open system,45788,99.49
marketing,Assimilated bifurcated installation,40769,82.34
marketing,Ameliorated optimizing implementation,23800,49.68
marketing,Open-architected systematic access,85084,97.68
